N_FFT,Accuracy
512,85.71428571428571
1024,84.76190476190476
2048,80.0
